[
{
    "model": "cruises.ship",
    "pk": 6,
    "fields": {
        "name": "Mandatory zero administration concept",
        "tonnage": 4600
    }
},
{
    "model": "cruises.ship",
    "pk": 7,
    "fields": {
        "name": "Team-oriented multi-tasking intranet",
        "tonnage": 400
    }
},
{
    "model": "cruises.ship",
    "pk": 8,
    "fields": {
        "name": "Optional logistical interface",
        "tonnage": 9500
    }
},
{
    "model": "cruises.ship",
    "pk": 9,
    "fields": {
        "name": "Proactive 4thgeneration process improvement",
        "tonnage": 6200
    }
},
{
    "model": "cruises.ship",
    "pk": 10,
    "fields": {
        "name": "Optional bottom-line approach",
        "tonnage": 200
    }
},
{
    "model": "cruises.cabin",
    "pk": 1,
    "fields": {
        "ship_id": 6,
        "name": "Amanda",
        "beds": 2,
        "deck": 2
    }
},
{
    "model": "cruises.cabin",
    "pk": 2,
    "fields": {
        "ship_id": 6,
        "name": "Robin",
        "beds": 3,
        "deck": 2
    }
},
{
    "model": "cruises.cabin",
    "pk": 3,
    "fields": {
        "ship_id": 6,
        "name": "Shane",
        "beds": 1,
        "deck": 3
    }
},
{
    "model": "cruises.cabin",
    "pk": 4,
    "fields": {
        "ship_id": 6,
        "name": "Patricia",
        "beds": 3,
        "deck": 3
    }
},
{
    "model": "cruises.cabin",
    "pk": 5,
    "fields": {
        "ship_id": 6,
        "name": "Thomas",
        "beds": 2,
        "deck": 2
    }
},
{
    "model": "cruises.cabin",
    "pk": 6,
    "fields": {
        "ship_id": 6,
        "name": "Julie",
        "beds": 2,
        "deck": 2
    }
},
{
    "model": "cruises.cabin",
    "pk": 7,
    "fields": {
        "ship_id": 6,
        "name": "Dustin",
        "beds": 2,
        "deck": 2
    }
},
{
    "model": "cruises.cabin",
    "pk": 8,
    "fields": {
        "ship_id": 6,
        "name": "Brandon",
        "beds": 3,
        "deck": 1
    }
},
{
    "model": "cruises.cabin",
    "pk": 9,
    "fields": {
        "ship_id": 6,
        "name": "Deborah",
        "beds": 3,
        "deck": 3
    }
},
{
    "model": "cruises.cabin",
    "pk": 10,
    "fields": {
        "ship_id": 6,
        "name": "Brian",
        "beds": 2,
        "deck": 2
    }
},
{
    "model": "cruises.cabin",
    "pk": 11,
    "fields": {
        "ship_id": 7,
        "name": "Morgan",
        "beds": 3,
        "deck": 3
    }
},
{
    "model": "cruises.cabin",
    "pk": 12,
    "fields": {
        "ship_id": 7,
        "name": "Steven",
        "beds": 1,
        "deck": 1
    }
},
{
    "model": "cruises.cabin",
    "pk": 13,
    "fields": {
        "ship_id": 7,
        "name": "Melissa",
        "beds": 3,
        "deck": 2
    }
},
{
    "model": "cruises.cabin",
    "pk": 14,
    "fields": {
        "ship_id": 7,
        "name": "Sheri",
        "beds": 3,
        "deck": 3
    }
},
{
    "model": "cruises.cabin",
    "pk": 15,
    "fields": {
        "ship_id": 7,
        "name": "Amber",
        "beds": 3,
        "deck": 1
    }
},
{
    "model": "cruises.cabin",
    "pk": 16,
    "fields": {
        "ship_id": 7,
        "name": "Theresa",
        "beds": 1,
        "deck": 1
    }
},
{
    "model": "cruises.cabin",
    "pk": 17,
    "fields": {
        "ship_id": 7,
        "name": "Susan",
        "beds": 3,
        "deck": 2
    }
},
{
    "model": "cruises.cabin",
    "pk": 18,
    "fields": {
        "ship_id": 7,
        "name": "Marc",
        "beds": 2,
        "deck": 2
    }
},
{
    "model": "cruises.cabin",
    "pk": 19,
    "fields": {
        "ship_id": 7,
        "name": "Eric",
        "beds": 1,
        "deck": 3
    }
},
{
    "model": "cruises.cabin",
    "pk": 20,
    "fields": {
        "ship_id": 7,
        "name": "Bryan",
        "beds": 2,
        "deck": 3
    }
},
{
    "model": "cruises.cabin",
    "pk": 21,
    "fields": {
        "ship_id": 8,
        "name": "Nicholas",
        "beds": 2,
        "deck": 1
    }
},
{
    "model": "cruises.cabin",
    "pk": 22,
    "fields": {
        "ship_id": 8,
        "name": "Kendra",
        "beds": 1,
        "deck": 3
    }
},
{
    "model": "cruises.cabin",
    "pk": 23,
    "fields": {
        "ship_id": 8,
        "name": "Christopher",
        "beds": 1,
        "deck": 3
    }
},
{
    "model": "cruises.cabin",
    "pk": 24,
    "fields": {
        "ship_id": 8,
        "name": "Natalie",
        "beds": 3,
        "deck": 3
    }
},
{
    "model": "cruises.cabin",
    "pk": 25,
    "fields": {
        "ship_id": 8,
        "name": "Christopher",
        "beds": 3,
        "deck": 1
    }
},
{
    "model": "cruises.cabin",
    "pk": 26,
    "fields": {
        "ship_id": 8,
        "name": "Samuel",
        "beds": 3,
        "deck": 1
    }
},
{
    "model": "cruises.cabin",
    "pk": 27,
    "fields": {
        "ship_id": 8,
        "name": "John",
        "beds": 3,
        "deck": 1
    }
},
{
    "model": "cruises.cabin",
    "pk": 28,
    "fields": {
        "ship_id": 8,
        "name": "Henry",
        "beds": 1,
        "deck": 3
    }
},
{
    "model": "cruises.cabin",
    "pk": 29,
    "fields": {
        "ship_id": 8,
        "name": "Daniel",
        "beds": 2,
        "deck": 2
    }
},
{
    "model": "cruises.cabin",
    "pk": 30,
    "fields": {
        "ship_id": 8,
        "name": "Megan",
        "beds": 1,
        "deck": 3
    }
},
{
    "model": "cruises.cabin",
    "pk": 31,
    "fields": {
        "ship_id": 9,
        "name": "Timothy",
        "beds": 2,
        "deck": 1
    }
},
{
    "model": "cruises.cabin",
    "pk": 32,
    "fields": {
        "ship_id": 9,
        "name": "Brittney",
        "beds": 1,
        "deck": 2
    }
},
{
    "model": "cruises.cabin",
    "pk": 33,
    "fields": {
        "ship_id": 9,
        "name": "Dana",
        "beds": 1,
        "deck": 3
    }
},
{
    "model": "cruises.cabin",
    "pk": 34,
    "fields": {
        "ship_id": 9,
        "name": "April",
        "beds": 3,
        "deck": 2
    }
},
{
    "model": "cruises.cabin",
    "pk": 35,
    "fields": {
        "ship_id": 9,
        "name": "John",
        "beds": 2,
        "deck": 2
    }
},
{
    "model": "cruises.cabin",
    "pk": 36,
    "fields": {
        "ship_id": 9,
        "name": "Kristen",
        "beds": 1,
        "deck": 2
    }
},
{
    "model": "cruises.cabin",
    "pk": 37,
    "fields": {
        "ship_id": 9,
        "name": "Linda",
        "beds": 1,
        "deck": 2
    }
},
{
    "model": "cruises.cabin",
    "pk": 38,
    "fields": {
        "ship_id": 9,
        "name": "Jeff",
        "beds": 3,
        "deck": 2
    }
},
{
    "model": "cruises.cabin",
    "pk": 39,
    "fields": {
        "ship_id": 9,
        "name": "Jaime",
        "beds": 1,
        "deck": 2
    }
},
{
    "model": "cruises.cabin",
    "pk": 40,
    "fields": {
        "ship_id": 9,
        "name": "Jessica",
        "beds": 3,
        "deck": 3
    }
},
{
    "model": "cruises.cabin",
    "pk": 41,
    "fields": {
        "ship_id": 10,
        "name": "Joseph",
        "beds": 1,
        "deck": 3
    }
},
{
    "model": "cruises.cabin",
    "pk": 42,
    "fields": {
        "ship_id": 10,
        "name": "Connie",
        "beds": 1,
        "deck": 2
    }
},
{
    "model": "cruises.cabin",
    "pk": 43,
    "fields": {
        "ship_id": 10,
        "name": "Zachary",
        "beds": 3,
        "deck": 1
    }
},
{
    "model": "cruises.cabin",
    "pk": 44,
    "fields": {
        "ship_id": 10,
        "name": "Bernard",
        "beds": 2,
        "deck": 2
    }
},
{
    "model": "cruises.cabin",
    "pk": 45,
    "fields": {
        "ship_id": 10,
        "name": "Daniel",
        "beds": 2,
        "deck": 3
    }
},
{
    "model": "cruises.cabin",
    "pk": 46,
    "fields": {
        "ship_id": 10,
        "name": "Jordan",
        "beds": 2,
        "deck": 1
    }
},
{
    "model": "cruises.cabin",
    "pk": 47,
    "fields": {
        "ship_id": 10,
        "name": "Craig",
        "beds": 1,
        "deck": 3
    }
},
{
    "model": "cruises.cabin",
    "pk": 48,
    "fields": {
        "ship_id": 10,
        "name": "Zachary",
        "beds": 1,
        "deck": 1
    }
},
{
    "model": "cruises.cabin",
    "pk": 49,
    "fields": {
        "ship_id": 10,
        "name": "Cindy",
        "beds": 2,
        "deck": 3
    }
},
{
    "model": "cruises.cabin",
    "pk": 50,
    "fields": {
        "ship_id": 10,
        "name": "Anthony",
        "beds": 2,
        "deck": 1
    }
},
{
    "model": "cruises.cruise",
    "pk": 1,
    "fields": {
        "ship_id": 6,
        "name": "Odonnell Group"
    }
},
{
    "model": "cruises.cruise",
    "pk": 2,
    "fields": {
        "ship_id": 7,
        "name": "Bailey LLC"
    }
},
{
    "model": "cruises.cruise",
    "pk": 3,
    "fields": {
        "ship_id": 8,
        "name": "Hoffman, Rogers and Ball"
    }
},
{
    "model": "cruises.cruise",
    "pk": 4,
    "fields": {
        "ship_id": 9,
        "name": "Sloan Group"
    }
},
{
    "model": "cruises.cruise",
    "pk": 5,
    "fields": {
        "ship_id": 10,
        "name": "Gilbert, Baker and Zimmerman"
    }
}
]
